sentence_id,sentence,true_label,predicted_label,prob_negative,prob_positive,explained_class,token_position,token_or_segment,token_clean,shap_value,abs_shap_value
1,The movie was very good.,positive,positive,0.0004679035,0.9995321,positive,0,,,-7.543712854385376e-08,7.543712854385376e-08
1,The movie was very good.,positive,positive,0.0004679035,0.9995321,positive,1,The ,the,-0.08310761582106352,0.08310761582106352
1,The movie was very good.,positive,positive,0.0004679035,0.9995321,positive,2,movie ,movie,-0.08197193779051304,0.08197193779051304
1,The movie was very good.,positive,positive,0.0004679035,0.9995321,positive,3,was ,was,0.1266051959246397,0.1266051959246397
1,The movie was very good.,positive,positive,0.0004679035,0.9995321,positive,4,very ,very,0.29796345718204975,0.29796345718204975
1,The movie was very good.,positive,positive,0.0004679035,0.9995321,positive,5,good,good,0.45382443256676197,0.45382443256676197
1,The movie was very good.,positive,positive,0.0004679035,0.9995321,positive,6,.,.,0.00017729774117469788,0.00017729774117469788
1,The movie was very good.,positive,positive,0.0004679035,0.9995321,positive,7,,,2.9802322387695312e-08,2.9802322387695312e-08
2,This film was really nice.,positive,positive,0.00039497716,0.999605,positive,0,,,-9.313225746154785e-09,9.313225746154785e-09
2,This film was really nice.,positive,positive,0.00039497716,0.999605,positive,1,This ,this,0.07393195852637291,0.07393195852637291
2,This film was really nice.,positive,positive,0.00039497716,0.999605,positive,2,film ,film,-0.1702789394184947,0.1702789394184947
2,This film was really nice.,positive,positive,0.00039497716,0.999605,positive,3,was ,was,0.08532464597374201,0.08532464597374201
2,This film was really nice.,positive,positive,0.00039497716,0.999605,positive,4,really ,really,0.2903019320219755,0.2903019320219755
2,This film was really nice.,positive,positive,0.00039497716,0.999605,positive,5,nice,nice,0.47432258538901806,0.47432258538901806
2,This film was really nice.,positive,positive,0.00039497716,0.999605,positive,6,.,.,-0.04003852233290672,0.04003852233290672
2,This film was really nice.,positive,positive,0.00039497716,0.999605,positive,7,,,2.9802322387695312e-08,2.9802322387695312e-08
3,I found the story charming.,positive,positive,0.00030187576,0.99969816,positive,0,,,3.725290298461914e-09,3.725290298461914e-09
3,I found the story charming.,positive,positive,0.00030187576,0.99969816,positive,1,I ,i,0.05753893777728081,0.05753893777728081
3,I found the story charming.,positive,positive,0.00030187576,0.99969816,positive,2,found ,found,0.13268433511257172,0.13268433511257172
3,I found the story charming.,positive,positive,0.00030187576,0.99969816,positive,3,the ,the,0.03863205015659332,0.03863205015659332
3,I found the story charming.,positive,positive,0.00030187576,0.99969816,positive,4,story ,story,0.19247218128293753,0.19247218128293753
3,I found the story charming.,positive,positive,0.00030187576,0.99969816,positive,5,charming,charming,0.33446027245372534,0.33446027245372534
3,I found the story charming.,positive,positive,0.00030187576,0.99969816,positive,6,.,.,-0.04213096760213375,0.04213096760213375
3,I found the story charming.,positive,positive,0.00030187576,0.99969816,positive,7,,,2.9802322387695312e-08,2.9802322387695312e-08
4,The acting felt quite natural.,positive,positive,0.0013305639,0.9986695,positive,0,,,7.450580596923828e-09,7.450580596923828e-09
4,The acting felt quite natural.,positive,positive,0.0013305639,0.9986695,positive,1,The ,the,0.004393525421619415,0.004393525421619415
4,The acting felt quite natural.,positive,positive,0.0013305639,0.9986695,positive,2,acting ,acting,0.0030360985547304153,0.0030360985547304153
4,The acting felt quite natural.,positive,positive,0.0013305639,0.9986695,positive,3,felt ,felt,0.0725188385695219,0.0725188385695219
4,The acting felt quite natural.,positive,positive,0.0013305639,0.9986695,positive,4,quite ,quite,0.23658507782965899,0.23658507782965899
4,The acting felt quite natural.,positive,positive,0.0013305639,0.9986695,positive,5,natural,natural,0.44698378164321184,0.44698378164321184
4,The acting felt quite natural.,positive,positive,0.0013305639,0.9986695,positive,6,.,.,-0.05088917352259159,0.05088917352259159
4,The acting felt quite natural.,positive,positive,0.0013305639,0.9986695,positive,7,,,2.9802322387695312e-08,2.9802322387695312e-08
5,This movie looked very beautiful.,positive,positive,0.00031269033,0.9996873,positive,0,,,1.862645149230957e-09,1.862645149230957e-09
5,This movie looked very beautiful.,positive,positive,0.00031269033,0.9996873,positive,1,This ,this,0.05073152296245098,0.05073152296245098
5,This movie looked very beautiful.,positive,positive,0.00031269033,0.9996873,positive,2,movie ,movie,-0.023226678371429443,0.023226678371429443
5,This movie looked very beautiful.,positive,positive,0.00031269033,0.9996873,positive,3,looked ,looked,0.08798685669898987,0.08798685669898987
5,This movie looked very beautiful.,positive,positive,0.00031269033,0.9996873,positive,4,very ,very,0.20617868285626173,0.20617868285626173
5,This movie looked very beautiful.,positive,positive,0.00031269033,0.9996873,positive,5,beautiful,beautiful,0.4428195832297206,0.4428195832297206
5,This movie looked very beautiful.,positive,positive,0.00031269033,0.9996873,positive,6,.,.,-0.05084400437772274,0.05084400437772274
5,This movie looked very beautiful.,positive,positive,0.00031269033,0.9996873,positive,7,,,2.9802322387695312e-08,2.9802322387695312e-08
6,The ending was truly satisfying.,positive,positive,0.00045900128,0.99954104,positive,0,,,-4.866160452365875e-08,4.866160452365875e-08
6,The ending was truly satisfying.,positive,positive,0.00045900128,0.99954104,positive,1,The ,the,-0.04474272835068405,0.04474272835068405
6,The ending was truly satisfying.,positive,positive,0.00045900128,0.99954104,positive,2,ending ,ending,-0.1200767639093101,0.1200767639093101
6,The ending was truly satisfying.,positive,positive,0.00045900128,0.99954104,positive,3,was ,was,0.049951907712966204,0.049951907712966204
6,The ending was truly satisfying.,positive,positive,0.00045900128,0.99954104,positive,4,truly ,truly,0.3563813413493335,0.3563813413493335
6,The ending was truly satisfying.,positive,positive,0.00045900128,0.99954104,positive,5,satisfying,satisfying,0.478871017228812,0.478871017228812
6,The ending was truly satisfying.,positive,positive,0.00045900128,0.99954104,positive,6,.,.,-0.006885030306875706,0.006885030306875706
6,The ending was truly satisfying.,positive,positive,0.00045900128,0.99954104,positive,7,,,2.9802322387695312e-08,2.9802322387695312e-08
7,I enjoyed this film today.,positive,positive,0.0005312425,0.99946874,positive,0,,,-1.1175870895385742e-08,1.1175870895385742e-08
7,I enjoyed this film today.,positive,positive,0.0005312425,0.99946874,positive,1,I ,i,0.03421442583203316,0.03421442583203316
7,I enjoyed this film today.,positive,positive,0.0005312425,0.99946874,positive,2,enjoyed ,enjoyed,0.21748030185699463,0.21748030185699463
7,I enjoyed this film today.,positive,positive,0.0005312425,0.99946874,positive,3,this ,this,0.12755227833986282,0.12755227833986282
7,I enjoyed this film today.,positive,positive,0.0005312425,0.99946874,positive,4,film ,film,0.22201061621308327,0.22201061621308327
7,I enjoyed this film today.,positive,positive,0.0005312425,0.99946874,positive,5,today,today,0.14763963595032692,0.14763963595032692
7,I enjoyed this film today.,positive,positive,0.0005312425,0.99946874,positive,6,.,.,-0.03546985238790512,0.03546985238790512
7,I enjoyed this film today.,positive,positive,0.0005312425,0.99946874,positive,7,,,2.9802322387695312e-08,2.9802322387695312e-08
8,The plot felt warm throughout.,positive,positive,0.000533819,0.99946624,positive,0,,,-6.030313670635223e-08,6.030313670635223e-08
8,The plot felt warm throughout.,positive,positive,0.000533819,0.99946624,positive,1,The ,the,-0.024019269505515695,0.024019269505515695
8,The plot felt warm throughout.,positive,positive,0.000533819,0.99946624,positive,2,plot ,plot,-0.18292578670661896,0.18292578670661896
8,The plot felt warm throughout.,positive,positive,0.000533819,0.99946624,positive,3,felt ,felt,0.09152750566136092,0.09152750566136092
8,The plot felt warm throughout.,positive,positive,0.000533819,0.99946624,positive,4,warm ,warm,0.7332088763359934,0.7332088763359934
8,The plot felt warm throughout.,positive,positive,0.000533819,0.99946624,positive,5,throughout,throughout,0.12579497159458697,0.12579497159458697
8,The plot felt warm throughout.,positive,positive,0.000533819,0.99946624,positive,6,.,.,-0.030161345843225718,0.030161345843225718
8,The plot felt warm throughout.,positive,positive,0.000533819,0.99946624,positive,7,,,2.9802322387695312e-08,2.9802322387695312e-08
9,This was a lovely movie.,positive,positive,0.00038549816,0.9996145,positive,0,,,-2.60770320892334e-08,2.60770320892334e-08
9,This was a lovely movie.,positive,positive,0.00038549816,0.9996145,positive,1,This ,this,0.05441086366772652,0.05441086366772652
9,This was a lovely movie.,positive,positive,0.00038549816,0.9996145,positive,2,was ,was,0.05053742602467537,0.05053742602467537
9,This was a lovely movie.,positive,positive,0.00038549816,0.9996145,positive,3,a ,a,0.1527753509581089,0.1527753509581089
9,This was a lovely movie.,positive,positive,0.00038549816,0.9996145,positive,4,lovely ,lovely,0.3172615831717849,0.3172615831717849
9,This was a lovely movie.,positive,positive,0.00038549816,0.9996145,positive,5,movie,movie,0.17415695544332266,0.17415695544332266
9,This was a lovely movie.,positive,positive,0.00038549816,0.9996145,positive,6,.,.,-0.035569025203585625,0.035569025203585625
9,This was a lovely movie.,positive,positive,0.00038549816,0.9996145,positive,7,,,2.9802322387695312e-08,2.9802322387695312e-08
10,The cast gave strong performances.,positive,positive,0.0004705662,0.9995295,positive,0,,,-4.284083843231201e-08,4.284083843231201e-08
10,The cast gave strong performances.,positive,positive,0.0004705662,0.9995295,positive,1,The ,the,-0.01863984577357769,0.01863984577357769
10,The cast gave strong performances.,positive,positive,0.0004705662,0.9995295,positive,2,cast ,cast,0.1442649383097887,0.1442649383097887
10,The cast gave strong performances.,positive,positive,0.0004705662,0.9995295,positive,3,gave ,gave,0.22075260616838932,0.22075260616838932
10,The cast gave strong performances.,positive,positive,0.0004705662,0.9995295,positive,4,strong ,strong,0.3845769939944148,0.3845769939944148
10,The cast gave strong performances.,positive,positive,0.0004705662,0.9995295,positive,5,performances,performances,0.021274837665259838,0.021274837665259838
10,The cast gave strong performances.,positive,positive,0.0004705662,0.9995295,positive,6,.,.,-0.03874135576188564,0.03874135576188564
10,The cast gave strong performances.,positive,positive,0.0004705662,0.9995295,positive,7,,,2.9802322387695312e-08,2.9802322387695312e-08
11,I liked the final scene.,positive,positive,0.00068126916,0.9993187,positive,0,,,-5.587935447692871e-09,5.587935447692871e-09
11,I liked the final scene.,positive,positive,0.00068126916,0.9993187,positive,1,I ,i,0.08825149945914745,0.08825149945914745
11,I liked the final scene.,positive,positive,0.00068126916,0.9993187,positive,2,liked ,liked,0.33298512920737267,0.33298512920737267
11,I liked the final scene.,positive,positive,0.00068126916,0.9993187,positive,3,the ,the,0.05361577495932579,0.05361577495932579
11,I liked the final scene.,positive,positive,0.00068126916,0.9993187,positive,4,final ,final,0.20497118681669235,0.20497118681669235
11,I liked the final scene.,positive,positive,0.00068126916,0.9993187,positive,5,scene,scene,0.0618634968996048,0.0618634968996048
11,I liked the final scene.,positive,positive,0.00068126916,0.9993187,positive,6,.,.,-0.02840971201658249,0.02840971201658249
11,I liked the final scene.,positive,positive,0.00068126916,0.9993187,positive,7,,,2.9802322387695312e-08,2.9802322387695312e-08
12,This film felt deeply moving.,positive,positive,0.00037098912,0.999629,positive,0,,,7.450580596923828e-09,7.450580596923828e-09
12,This film felt deeply moving.,positive,positive,0.00037098912,0.999629,positive,1,This ,this,0.12003382667899132,0.12003382667899132
12,This film felt deeply moving.,positive,positive,0.00037098912,0.999629,positive,2,film ,film,-0.13135006837546825,0.13135006837546825
12,This film felt deeply moving.,positive,positive,0.00037098912,0.999629,positive,3,felt ,felt,0.12390188314020634,0.12390188314020634
12,This film felt deeply moving.,positive,positive,0.00037098912,0.999629,positive,4,deeply ,deeply,0.44133766647428274,0.44133766647428274
12,This film felt deeply moving.,positive,positive,0.00037098912,0.999629,positive,5,moving,moving,0.1962145259603858,0.1962145259603858
12,This film felt deeply moving.,positive,positive,0.00037098912,0.999629,positive,6,.,.,-0.03655016981065273,0.03655016981065273
12,This film felt deeply moving.,positive,positive,0.00037098912,0.999629,positive,7,,,2.9802322387695312e-08,2.9802322387695312e-08
13,The soundtrack was very pleasant.,positive,positive,0.0005440587,0.999456,positive,0,,,-7.916241884231567e-08,7.916241884231567e-08
13,The soundtrack was very pleasant.,positive,positive,0.0005440587,0.999456,positive,1,The ,the,-0.036475892178714275,0.036475892178714275
13,The soundtrack was very pleasant.,positive,positive,0.0005440587,0.999456,positive,2,soundtrack ,soundtrack,-0.04045531898736954,0.04045531898736954
13,The soundtrack was very pleasant.,positive,positive,0.0005440587,0.999456,positive,3,was ,was,0.02131844311952591,0.02131844311952591
13,The soundtrack was very pleasant.,positive,positive,0.0005440587,0.999456,positive,4,very ,very,0.3144780583679676,0.3144780583679676
13,The soundtrack was very pleasant.,positive,positive,0.0005440587,0.999456,positive,5,pleasant,pleasant,0.4616647697985172,0.4616647697985172
13,The soundtrack was very pleasant.,positive,positive,0.0005440587,0.999456,positive,6,.,.,-0.0071153417229652405,0.0071153417229652405
13,The soundtrack was very pleasant.,positive,positive,0.0005440587,0.999456,positive,7,,,2.9802322387695312e-08,2.9802322387695312e-08
14,The script was smart overall.,positive,positive,0.0003588852,0.99964106,positive,0,,,-5.075708031654358e-08,5.075708031654358e-08
14,The script was smart overall.,positive,positive,0.0003588852,0.99964106,positive,1,The ,the,-0.019911534152925014,0.019911534152925014
14,The script was smart overall.,positive,positive,0.0003588852,0.99964106,positive,2,script ,script,-0.19789482955820858,0.19789482955820858
14,The script was smart overall.,positive,positive,0.0003588852,0.99964106,positive,3,was ,was,0.09080969612114131,0.09080969612114131
14,The script was smart overall.,positive,positive,0.0003588852,0.99964106,positive,4,smart ,smart,0.6246446690056473,0.6246446690056473
14,The script was smart overall.,positive,positive,0.0003588852,0.99964106,positive,5,overall,overall,0.24274976761080325,0.24274976761080325
14,The script was smart overall.,positive,positive,0.0003588852,0.99964106,positive,6,.,.,-0.026798006612807512,0.026798006612807512
14,The script was smart overall.,positive,positive,0.0003588852,0.99964106,positive,7,,,2.9802322387695312e-08,2.9802322387695312e-08
15,I found it quite enjoyable.,positive,positive,0.00036468098,0.99963534,positive,0,,,-1.1175870895385742e-08,1.1175870895385742e-08
15,I found it quite enjoyable.,positive,positive,0.00036468098,0.99963534,positive,1,I ,i,0.08800890669226646,0.08800890669226646
15,I found it quite enjoyable.,positive,positive,0.00036468098,0.99963534,positive,2,found ,found,0.10737377405166626,0.10737377405166626
15,I found it quite enjoyable.,positive,positive,0.00036468098,0.99963534,positive,3,it ,it,0.06552869081497192,0.06552869081497192
15,I found it quite enjoyable.,positive,positive,0.00036468098,0.99963534,positive,4,quite ,quite,0.16729141306132078,0.16729141306132078
15,I found it quite enjoyable.,positive,positive,0.00036468098,0.99963534,positive,5,enjoyable,enjoyable,0.3270545406267047,0.3270545406267047
15,I found it quite enjoyable.,positive,positive,0.00036468098,0.99963534,positive,6,.,.,-0.04166332446038723,0.04166332446038723
15,I found it quite enjoyable.,positive,positive,0.00036468098,0.99963534,positive,7,,,2.9802322387695312e-08,2.9802322387695312e-08
16,The movie felt fresh today.,positive,positive,0.0009203167,0.9990797,positive,0,,,2.9802322387695312e-08,2.9802322387695312e-08
16,The movie felt fresh today.,positive,positive,0.0009203167,0.9990797,positive,1,The ,the,-0.05595895275473595,0.05595895275473595
16,The movie felt fresh today.,positive,positive,0.0009203167,0.9990797,positive,2,movie ,movie,-0.04357530735433102,0.04357530735433102
16,The movie felt fresh today.,positive,positive,0.0009203167,0.9990797,positive,3,felt ,felt,0.14023946411907673,0.14023946411907673
16,The movie felt fresh today.,positive,positive,0.0009203167,0.9990797,positive,4,fresh ,fresh,0.5135635873302817,0.5135635873302817
16,The movie felt fresh today.,positive,positive,0.0009203167,0.9990797,positive,5,today,today,0.20194635447114706,0.20194635447114706
16,The movie felt fresh today.,positive,positive,0.0009203167,0.9990797,positive,6,.,.,-0.04317682050168514,0.04317682050168514
16,The movie felt fresh today.,positive,positive,0.0009203167,0.9990797,positive,7,,,2.9802322387695312e-08,2.9802322387695312e-08
17,This story was very warm.,positive,positive,0.00034956838,0.9996505,positive,0,,,-1.1175870895385742e-08,1.1175870895385742e-08
17,This story was very warm.,positive,positive,0.00034956838,0.9996505,positive,1,This ,this,0.03702101483941078,0.03702101483941078
17,This story was very warm.,positive,positive,0.00034956838,0.9996505,positive,2,story ,story,0.021394044160842896,0.021394044160842896
17,This story was very warm.,positive,positive,0.00034956838,0.9996505,positive,3,was ,was,0.07972397655248642,0.07972397655248642
17,This story was very warm.,positive,positive,0.00034956838,0.9996505,positive,4,very ,very,0.22280004154890776,0.22280004154890776
17,This story was very warm.,positive,positive,0.00034956838,0.9996505,positive,5,warm,warm,0.3901046169921756,0.3901046169921756
17,This story was very warm.,positive,positive,0.00034956838,0.9996505,positive,6,.,.,-0.03743455372750759,0.03743455372750759
17,This story was very warm.,positive,positive,0.00034956838,0.9996505,positive,7,,,2.9802322387695312e-08,2.9802322387695312e-08
18,The pacing worked very well.,positive,positive,0.00093281915,0.99906725,positive,0,,,-4.6566128730773926e-08,4.6566128730773926e-08
18,The pacing worked very well.,positive,positive,0.00093281915,0.99906725,positive,1,The ,the,0.01315603218972683,0.01315603218972683
18,The pacing worked very well.,positive,positive,0.00093281915,0.99906725,positive,2,pacing ,pacing,-0.05672529409639537,0.05672529409639537
18,The pacing worked very well.,positive,positive,0.00093281915,0.99906725,positive,3,worked ,worked,0.3570983975660056,0.3570983975660056
18,The pacing worked very well.,positive,positive,0.00093281915,0.99906725,positive,4,very ,very,0.14084491413086653,0.14084491413086653
18,The pacing worked very well.,positive,positive,0.00093281915,0.99906725,positive,5,well,well,0.3004483161494136,0.3004483161494136
18,The pacing worked very well.,positive,positive,0.00093281915,0.99906725,positive,6,.,.,-0.04179642163217068,0.04179642163217068
18,The pacing worked very well.,positive,positive,0.00093281915,0.99906725,positive,7,,,2.9802322387695312e-08,2.9802322387695312e-08
19,I loved this movie completely.,positive,positive,0.0006306848,0.9993693,positive,0,,,-2.7939677238464355e-08,2.7939677238464355e-08
19,I loved this movie completely.,positive,positive,0.0006306848,0.9993693,positive,1,I ,i,0.12633209489285946,0.12633209489285946
19,I loved this movie completely.,positive,positive,0.0006306848,0.9993693,positive,2,loved ,loved,0.22949976474046707,0.22949976474046707
19,I loved this movie completely.,positive,positive,0.0006306848,0.9993693,positive,3,this ,this,0.13732291758060455,0.13732291758060455
19,I loved this movie completely.,positive,positive,0.0006306848,0.9993693,positive,4,movie ,movie,0.17080426588654518,0.17080426588654518
19,I loved this movie completely.,positive,positive,0.0006306848,0.9993693,positive,5,completely,completely,0.07915221527218819,0.07915221527218819
19,I loved this movie completely.,positive,positive,0.0006306848,0.9993693,positive,6,.,.,-0.029783256351947784,0.029783256351947784
19,I loved this movie completely.,positive,positive,0.0006306848,0.9993693,positive,7,,,2.9802322387695312e-08,2.9802322387695312e-08
20,The dialogue felt sharp throughout.,positive,positive,0.0007732417,0.9992268,positive,0,,,-5.005858838558197e-08,5.005858838558197e-08
20,The dialogue felt sharp throughout.,positive,positive,0.0007732417,0.9992268,positive,1,The ,the,-0.019823714392259717,0.019823714392259717
20,The dialogue felt sharp throughout.,positive,positive,0.0007732417,0.9992268,positive,2,dialogue ,dialogue,-0.1860716782975942,0.1860716782975942
20,The dialogue felt sharp throughout.,positive,positive,0.0007732417,0.9992268,positive,3,felt ,felt,0.08093168796040118,0.08093168796040118
20,The dialogue felt sharp throughout.,positive,positive,0.0007732417,0.9992268,positive,4,sharp ,sharp,0.710127534577623,0.710127534577623
20,The dialogue felt sharp throughout.,positive,positive,0.0007732417,0.9992268,positive,5,throughout,throughout,0.15839906712062657,0.15839906712062657
20,The dialogue felt sharp throughout.,positive,positive,0.0007732417,0.9992268,positive,6,.,.,-0.030377387534826994,0.030377387534826994
20,The dialogue felt sharp throughout.,positive,positive,0.0007732417,0.9992268,positive,7,,,2.9802322387695312e-08,2.9802322387695312e-08
21,The movie was very bad.,negative,negative,0.9991605,0.00083948876,negative,0,,,9.313225746154785e-08,9.313225746154785e-08
21,The movie was very bad.,negative,negative,0.9991605,0.00083948876,negative,1,The ,the,0.08291949704289436,0.08291949704289436
21,The movie was very bad.,negative,negative,0.9991605,0.00083948876,negative,2,movie ,movie,0.08253071457147598,0.08253071457147598
21,The movie was very bad.,negative,negative,0.9991605,0.00083948876,negative,3,was ,was,-0.1266801655292511,0.1266801655292511
21,The movie was very bad.,negative,negative,0.9991605,0.00083948876,negative,4,very ,very,-0.2963718008249998,0.2963718008249998
21,The movie was very bad.,negative,negative,0.9991605,0.00083948876,negative,5,bad,bad,0.5430733170360327,0.5430733170360327
21,The movie was very bad.,negative,negative,0.9991605,0.00083948876,negative,6,.,.,-0.0002698078751564026,0.0002698078751564026
21,The movie was very bad.,negative,negative,0.9991605,0.00083948876,negative,7,,,-5.960464477539063e-08,5.960464477539063e-08
22,This film was really awful.,negative,negative,0.9990934,0.0009066401,negative,0,,,2.0489096641540527e-08,2.0489096641540527e-08
22,This film was really awful.,negative,negative,0.9990934,0.0009066401,negative,1,This ,this,-0.07380990497767925,0.07380990497767925
22,This film was really awful.,negative,negative,0.9990934,0.0009066401,negative,2,film ,film,0.17065075412392616,0.17065075412392616
22,This film was really awful.,negative,negative,0.9990934,0.0009066401,negative,3,was ,was,-0.08536995574831963,0.08536995574831963
22,This film was really awful.,negative,negative,0.9990934,0.0009066401,negative,4,really ,really,-0.289806426371797,0.289806426371797
22,This film was really awful.,negative,negative,0.9990934,0.0009066401,negative,5,awful,awful,0.5235496171371778,0.5235496171371778
22,This film was really awful.,negative,negative,0.9990934,0.0009066401,negative,6,.,.,0.0399206280708313,0.0399206280708313
22,This film was really awful.,negative,negative,0.9990934,0.0009066401,negative,7,,,-5.960464477539063e-08,5.960464477539063e-08
23,I found the story boring.,negative,negative,0.9989667,0.0010332976,negative,0,,,-9.313225746154785e-10,9.313225746154785e-10
23,I found the story boring.,negative,negative,0.9989667,0.0010332976,negative,1,I ,i,-0.0573938162997365,0.0573938162997365
23,I found the story boring.,negative,negative,0.9989667,0.0010332976,negative,2,found ,found,-0.1327756429091096,0.1327756429091096
23,I found the story boring.,negative,negative,0.9989667,0.0010332976,negative,3,the ,the,-0.038411268033087254,0.038411268033087254
23,I found the story boring.,negative,negative,0.9989667,0.0010332976,negative,4,story ,story,-0.19193625426851213,0.19193625426851213
23,I found the story boring.,negative,negative,0.9989667,0.0010332976,negative,5,boring,boring,0.6634397057350725,0.6634397057350725
23,I found the story boring.,negative,negative,0.9989667,0.0010332976,negative,6,.,.,0.04208528995513916,0.04208528995513916
23,I found the story boring.,negative,negative,0.9989667,0.0010332976,negative,7,,,-5.960464477539063e-08,5.960464477539063e-08
24,The acting felt quite wooden.,negative,negative,0.9985474,0.001452595,negative,0,,,3.725290298461914e-09,3.725290298461914e-09
24,The acting felt quite wooden.,negative,negative,0.9985474,0.001452595,negative,1,The ,the,-0.0034339986741542816,0.0034339986741542816
24,The acting felt quite wooden.,negative,negative,0.9985474,0.001452595,negative,2,acting ,acting,0.0027044545859098434,0.0027044545859098434
24,The acting felt quite wooden.,negative,negative,0.9985474,0.001452595,negative,3,felt ,felt,-0.07498770020902157,0.07498770020902157
24,The acting felt quite wooden.,negative,negative,0.9985474,0.001452595,negative,4,quite ,quite,-0.23141390644013882,0.23141390644013882
24,The acting felt quite wooden.,negative,negative,0.9985474,0.001452595,negative,5,wooden,wooden,0.5406619515269995,0.5406619515269995
24,The acting felt quite wooden.,negative,negative,0.9985474,0.001452595,negative,6,.,.,0.05105789005756378,0.05105789005756378
24,The acting felt quite wooden.,negative,negative,0.9985474,0.001452595,negative,7,,,-5.960464477539063e-08,5.960464477539063e-08
25,This movie looked very cheap.,negative,negative,0.9991074,0.0008925156,negative,0,,,-1.30385160446167e-08,1.30385160446167e-08
25,This movie looked very cheap.,negative,negative,0.9991074,0.0008925156,negative,1,This ,this,-0.050626834854483604,0.050626834854483604
25,This movie looked very cheap.,negative,negative,0.9991074,0.0008925156,negative,2,movie ,movie,0.023627305403351784,0.023627305403351784
25,This movie looked very cheap.,negative,negative,0.9991074,0.0008925156,negative,3,looked ,looked,-0.08801577053964138,0.08801577053964138
25,This movie looked very cheap.,negative,negative,0.9991074,0.0008925156,negative,4,very ,very,-0.20605067536234856,0.20605067536234856
25,This movie looked very cheap.,negative,negative,0.9991074,0.0008925156,negative,5,cheap,cheap,0.5553260706365108,0.5553260706365108
25,This movie looked very cheap.,negative,negative,0.9991074,0.0008925156,negative,6,.,.,0.050888657569885254,0.050888657569885254
25,This movie looked very cheap.,negative,negative,0.9991074,0.0008925156,negative,7,,,-5.960464477539063e-08,5.960464477539063e-08
26,The ending was truly annoying.,negative,negative,0.99927276,0.0007272346,negative,0,,,5.587935447692871e-08,5.587935447692871e-08
26,The ending was truly annoying.,negative,negative,0.99927276,0.0007272346,negative,1,The ,the,0.04486816003918648,0.04486816003918648
26,The ending was truly annoying.,negative,negative,0.99927276,0.0007272346,negative,2,ending ,ending,0.12021096423268318,0.12021096423268318
26,The ending was truly annoying.,negative,negative,0.99927276,0.0007272346,negative,3,was ,was,-0.049957577139139175,0.049957577139139175
26,The ending was truly annoying.,negative,negative,0.99927276,0.0007272346,negative,4,truly ,truly,-0.3560336147493217,0.3560336147493217
26,The ending was truly annoying.,negative,negative,0.99927276,0.0007272346,negative,5,annoying,annoying,0.5194041942304466,0.5194041942304466
26,The ending was truly annoying.,negative,negative,0.99927276,0.0007272346,negative,6,.,.,0.0068219006061553955,0.0068219006061553955
26,The ending was truly annoying.,negative,negative,0.99927276,0.0007272346,negative,7,,,-5.960464477539063e-08,5.960464477539063e-08
27,I disliked this film today.,negative,negative,0.99868745,0.0013125313,negative,0,,,2.444721758365631e-08,2.444721758365631e-08
27,I disliked this film today.,negative,negative,0.99868745,0.0013125313,negative,1,I ,i,-0.03351806732825935,0.03351806732825935
27,I disliked this film today.,negative,negative,0.99868745,0.0013125313,negative,2,disliked ,disliked,0.77485535829328,0.77485535829328
27,I disliked this film today.,negative,negative,0.99868745,0.0013125313,negative,3,this ,this,-0.1262034794781357,0.1262034794781357
27,I disliked this film today.,negative,negative,0.99868745,0.0013125313,negative,4,film ,film,-0.21837274986319244,0.21837274986319244
27,I disliked this film today.,negative,negative,0.99868745,0.0013125313,negative,5,today,today,-0.1459771867375821,0.1459771867375821
27,I disliked this film today.,negative,negative,0.99868745,0.0013125313,negative,6,.,.,0.03394486615434289,0.03394486615434289
27,I disliked this film today.,negative,negative,0.99868745,0.0013125313,negative,7,,,-5.960464477539063e-08,5.960464477539063e-08
28,The plot felt weak throughout.,negative,negative,0.9985102,0.0014897457,negative,0,,,5.21540641784668e-08,5.21540641784668e-08
28,The plot felt weak throughout.,negative,negative,0.9985102,0.0014897457,negative,1,The ,the,0.02279949188232422,0.02279949188232422
28,The plot felt weak throughout.,negative,negative,0.9985102,0.0014897457,negative,2,plot ,plot,0.18720505572855473,0.18720505572855473
28,The plot felt weak throughout.,negative,negative,0.9985102,0.0014897457,negative,3,felt ,felt,-0.09276816435158253,0.09276816435158253
28,The plot felt weak throughout.,negative,negative,0.9985102,0.0014897457,negative,4,weak ,weak,0.26030633226037025,0.26030633226037025
28,The plot felt weak throughout.,negative,negative,0.9985102,0.0014897457,negative,5,throughout,throughout,-0.12293872609734535,0.12293872609734535
28,The plot felt weak throughout.,negative,negative,0.9985102,0.0014897457,negative,6,.,.,0.02994745969772339,0.02994745969772339
28,The plot felt weak throughout.,negative,negative,0.9985102,0.0014897457,negative,7,,,-5.960464477539063e-08,5.960464477539063e-08
29,This was a dreadful movie.,negative,negative,0.9992099,0.0007900892,negative,0,,,2.514570951461792e-08,2.514570951461792e-08
29,This was a dreadful movie.,negative,negative,0.9992099,0.0007900892,negative,1,This ,this,-0.05432931054383516,0.05432931054383516
29,This was a dreadful movie.,negative,negative,0.9992099,0.0007900892,negative,2,was ,was,-0.05060001090168953,0.05060001090168953
29,This was a dreadful movie.,negative,negative,0.9992099,0.0007900892,negative,3,a ,a,-0.15275906957685947,0.15275906957685947
29,This was a dreadful movie.,negative,negative,0.9992099,0.0007900892,negative,4,dreadful ,dreadful,0.6808250781614333,0.6808250781614333
29,This was a dreadful movie.,negative,negative,0.9992099,0.0007900892,negative,5,movie,movie,-0.17340243351645768,0.17340243351645768
29,This was a dreadful movie.,negative,negative,0.9992099,0.0007900892,negative,6,.,.,0.03551692143082619,0.03551692143082619
29,This was a dreadful movie.,negative,negative,0.9992099,0.0007900892,negative,7,,,-5.960464477539063e-08,5.960464477539063e-08
30,The cast gave poor performances.,negative,negative,0.9984518,0.0015481823,negative,0,,,4.505272954702377e-08,4.505272954702377e-08
30,The cast gave poor performances.,negative,negative,0.9984518,0.0015481823,negative,1,The ,the,0.01899392541963607,0.01899392541963607
30,The cast gave poor performances.,negative,negative,0.9984518,0.0015481823,negative,2,cast ,cast,-0.14418255328200758,0.14418255328200758
30,The cast gave poor performances.,negative,negative,0.9984518,0.0015481823,negative,3,gave ,gave,-0.22058856370858848,0.22058856370858848
30,The cast gave poor performances.,negative,negative,0.9984518,0.0015481823,negative,4,poor ,poor,0.6119133057072759,0.6119133057072759
30,The cast gave poor performances.,negative,negative,0.9984518,0.0015481823,negative,5,performances,performances,-0.020503956358879805,0.020503956358879805
30,The cast gave poor performances.,negative,negative,0.9984518,0.0015481823,negative,6,.,.,0.038860945496708155,0.038860945496708155
30,The cast gave poor performances.,negative,negative,0.9984518,0.0015481823,negative,7,,,-5.960464477539063e-08,5.960464477539063e-08
31,I hated the final scene.,negative,negative,0.99905175,0.00094827975,negative,0,,,2.3283064365386963e-08,2.3283064365386963e-08
31,I hated the final scene.,negative,negative,0.99905175,0.00094827975,negative,1,I ,i,-0.0864757476374507,0.0864757476374507
31,I hated the final scene.,negative,negative,0.99905175,0.00094827975,negative,2,hated ,hated,0.6566794933751225,0.6566794933751225
31,I hated the final scene.,negative,negative,0.99905175,0.00094827975,negative,3,the ,the,-0.05316121783107519,0.05316121783107519
31,I hated the final scene.,negative,negative,0.99905175,0.00094827975,negative,4,final ,final,-0.19994856789708138,0.19994856789708138
31,I hated the final scene.,negative,negative,0.99905175,0.00094827975,negative,5,scene,scene,-0.05633719824254513,0.05633719824254513
31,I hated the final scene.,negative,negative,0.99905175,0.00094827975,negative,6,.,.,0.024336284026503563,0.024336284026503563
31,I hated the final scene.,negative,negative,0.99905175,0.00094827975,negative,7,,,-5.960464477539063e-08,5.960464477539063e-08
32,This film felt deeply empty.,negative,negative,0.9981906,0.0018093623,negative,0,,,0.0,0.0
32,This film felt deeply empty.,negative,negative,0.9981906,0.0018093623,negative,1,This ,this,-0.11983010917901993,0.11983010917901993
32,This film felt deeply empty.,negative,negative,0.9981906,0.0018093623,negative,2,film ,film,0.13265045173466206,0.13265045173466206
32,This film felt deeply empty.,negative,negative,0.9981906,0.0018093623,negative,3,felt ,felt,-0.12494274415075779,0.12494274415075779
32,This film felt deeply empty.,negative,negative,0.9981906,0.0018093623,negative,4,deeply ,deeply,-0.276933130226098,0.276933130226098
32,This film felt deeply empty.,negative,negative,0.9981906,0.0018093623,negative,5,empty,empty,0.6369000788545236,0.6369000788545236
32,This film felt deeply empty.,negative,negative,0.9981906,0.0018093623,negative,6,.,.,0.036387354135513306,0.036387354135513306
32,This film felt deeply empty.,negative,negative,0.9981906,0.0018093623,negative,7,,,-5.960464477539063e-08,5.960464477539063e-08
33,The soundtrack was very unpleasant.,negative,negative,0.9991449,0.00085502554,negative,0,,,8.568167686462402e-08,8.568167686462402e-08
33,The soundtrack was very unpleasant.,negative,negative,0.9991449,0.00085502554,negative,1,The ,the,0.03647773340344429,0.03647773340344429
33,The soundtrack was very unpleasant.,negative,negative,0.9991449,0.00085502554,negative,2,soundtrack ,soundtrack,0.040959153324365616,0.040959153324365616
33,The soundtrack was very unpleasant.,negative,negative,0.9991449,0.00085502554,negative,3,was ,was,-0.021542657166719437,0.021542657166719437
33,The soundtrack was very unpleasant.,negative,negative,0.9991449,0.00085502554,negative,4,very ,very,-0.31079824012704194,0.31079824012704194
33,The soundtrack was very unpleasant.,negative,negative,0.9991449,0.00085502554,negative,5,unpleasant,unpleasant,0.5330282722134143,0.5330282722134143
33,The soundtrack was very unpleasant.,negative,negative,0.9991449,0.00085502554,negative,6,.,.,0.007061883807182312,0.007061883807182312
33,The soundtrack was very unpleasant.,negative,negative,0.9991449,0.00085502554,negative,7,,,-5.960464477539063e-08,5.960464477539063e-08
34,The script was dumb overall.,negative,negative,0.99924564,0.00075436034,negative,0,,,5.960464477539063e-08,5.960464477539063e-08
34,The script was dumb overall.,negative,negative,0.99924564,0.00075436034,negative,1,The ,the,0.01993352174758911,0.01993352174758911
34,The script was dumb overall.,negative,negative,0.99924564,0.00075436034,negative,2,script ,script,0.1983591802418232,0.1983591802418232
34,The script was dumb overall.,negative,negative,0.99924564,0.00075436034,negative,3,was ,was,-0.09082042053341866,0.09082042053341866
34,The script was dumb overall.,negative,negative,0.99924564,0.00075436034,negative,4,dumb ,dumb,0.3722887234762311,0.3722887234762311
34,The script was dumb overall.,negative,negative,0.99924564,0.00075436034,negative,5,overall,overall,-0.2412033947184682,0.2412033947184682
34,The script was dumb overall.,negative,negative,0.99924564,0.00075436034,negative,6,.,.,0.026729293167591095,0.026729293167591095
34,The script was dumb overall.,negative,negative,0.99924564,0.00075436034,negative,7,,,-5.960464477539063e-08,5.960464477539063e-08
35,I found it quite painful.,negative,negative,0.99782026,0.0021797463,negative,0,,,1.4901161193847656e-08,1.4901161193847656e-08
35,I found it quite painful.,negative,negative,0.99782026,0.0021797463,negative,1,I ,i,-0.08822286874055862,0.08822286874055862
35,I found it quite painful.,negative,negative,0.99782026,0.0021797463,negative,2,found ,found,-0.1077651847153902,0.1077651847153902
35,I found it quite painful.,negative,negative,0.99782026,0.0021797463,negative,3,it ,it,-0.06501889042556286,0.06501889042556286
35,I found it quite painful.,negative,negative,0.99782026,0.0021797463,negative,4,quite ,quite,-0.16682186094112694,0.16682186094112694
35,I found it quite painful.,negative,negative,0.99782026,0.0021797463,negative,5,painful,painful,0.669934205012396,0.669934205012396
35,I found it quite painful.,negative,negative,0.99782026,0.0021797463,negative,6,.,.,0.0417561624199152,0.0417561624199152
35,I found it quite painful.,negative,negative,0.99782026,0.0021797463,negative,7,,,-5.960464477539063e-08,5.960464477539063e-08
36,The movie felt stale today.,negative,negative,0.9984825,0.0015174544,negative,0,,,-2.7939677238464355e-08,2.7939677238464355e-08
36,The movie felt stale today.,negative,negative,0.9984825,0.0015174544,negative,1,The ,the,0.05570553056895733,0.05570553056895733
36,The movie felt stale today.,negative,negative,0.9984825,0.0015174544,negative,2,movie ,movie,0.04859008267521858,0.04859008267521858
36,The movie felt stale today.,negative,negative,0.9984825,0.0015174544,negative,3,felt ,felt,-0.14079666510224342,0.14079666510224342
36,The movie felt stale today.,negative,negative,0.9984825,0.0015174544,negative,4,stale ,stale,0.47932184860110283,0.47932184860110283
36,The movie felt stale today.,negative,negative,0.9984825,0.0015174544,negative,5,today,today,-0.20101448521018028,0.20101448521018028
36,The movie felt stale today.,negative,negative,0.9984825,0.0015174544,negative,6,.,.,0.04271756112575531,0.04271756112575531
36,The movie felt stale today.,negative,negative,0.9984825,0.0015174544,negative,7,,,-5.960464477539063e-08,5.960464477539063e-08
37,This story was very dull.,negative,negative,0.99925584,0.0007441324,negative,0,,,7.450580596923828e-09,7.450580596923828e-09
37,This story was very dull.,negative,negative,0.99925584,0.0007441324,negative,1,This ,this,-0.036855872720479965,0.036855872720479965
37,This story was very dull.,negative,negative,0.99925584,0.0007441324,negative,2,story ,story,-0.021022537723183632,0.021022537723183632
37,This story was very dull.,negative,negative,0.99925584,0.0007441324,negative,3,was ,was,-0.07983589358627796,0.07983589358627796
37,This story was very dull.,negative,negative,0.99925584,0.0007441324,negative,4,very ,very,-0.22205589711666107,0.22205589711666107
37,This story was very dull.,negative,negative,0.99925584,0.0007441324,negative,5,dull,dull,0.6076933555305004,0.6076933555305004
37,This story was very dull.,negative,negative,0.99925584,0.0007441324,negative,6,.,.,0.037373993545770645,0.037373993545770645
37,This story was very dull.,negative,negative,0.99925584,0.0007441324,negative,7,,,-5.960464477539063e-08,5.960464477539063e-08
38,The pacing worked very poorly.,negative,negative,0.99864644,0.0013536066,negative,0,,,6.426125764846802e-08,6.426125764846802e-08
38,The pacing worked very poorly.,negative,negative,0.99864644,0.0013536066,negative,1,The ,the,-0.013388642109930515,0.013388642109930515
38,The pacing worked very poorly.,negative,negative,0.99864644,0.0013536066,negative,2,pacing ,pacing,0.05702507426030934,0.05702507426030934
38,The pacing worked very poorly.,negative,negative,0.99864644,0.0013536066,negative,3,worked ,worked,-0.3559819490183145,0.3559819490183145
38,The pacing worked very poorly.,negative,negative,0.99864644,0.0013536066,negative,4,very ,very,-0.1280874889343977,0.1280874889343977
38,The pacing worked very poorly.,negative,negative,0.99864644,0.0013536066,negative,5,poorly,poorly,0.6835041157901287,0.6835041157901287
38,The pacing worked very poorly.,negative,negative,0.99864644,0.0013536066,negative,6,.,.,0.04161658324301243,0.04161658324301243
38,The pacing worked very poorly.,negative,negative,0.99864644,0.0013536066,negative,7,,,-5.960464477539063e-08,5.960464477539063e-08
39,I hated this movie completely.,negative,negative,0.9989526,0.0010473207,negative,0,,,4.284083843231201e-08,4.284083843231201e-08
39,I hated this movie completely.,negative,negative,0.9989526,0.0010473207,negative,1,I ,i,-0.1259405743330717,0.1259405743330717
39,I hated this movie completely.,negative,negative,0.9989526,0.0010473207,negative,2,hated ,hated,0.7637224829522893,0.7637224829522893
39,I hated this movie completely.,negative,negative,0.9989526,0.0010473207,negative,3,this ,this,-0.1356941572157666,0.1356941572157666
39,I hated this movie completely.,negative,negative,0.9989526,0.0010473207,negative,4,movie ,movie,-0.16806036978960037,0.16806036978960037
39,I hated this movie completely.,negative,negative,0.9989526,0.0010473207,negative,5,completely,completely,-0.07750103622674942,0.07750103622674942
39,I hated this movie completely.,negative,negative,0.9989526,0.0010473207,negative,6,.,.,0.028467558324337006,0.028467558324337006
39,I hated this movie completely.,negative,negative,0.9989526,0.0010473207,negative,7,,,-5.960464477539063e-08,5.960464477539063e-08
40,The dialogue felt flat throughout.,negative,negative,0.99849725,0.0015027899,negative,0,,,5.960464477539063e-08,5.960464477539063e-08
40,The dialogue felt flat throughout.,negative,negative,0.99849725,0.0015027899,negative,1,The ,the,0.020143821835517883,0.020143821835517883
40,The dialogue felt flat throughout.,negative,negative,0.99849725,0.0015027899,negative,2,dialogue ,dialogue,0.18869499675929546,0.18869499675929546
40,The dialogue felt flat throughout.,negative,negative,0.99849725,0.0015027899,negative,3,felt ,felt,-0.08108609728515148,0.08108609728515148
40,The dialogue felt flat throughout.,negative,negative,0.99849725,0.0015027899,negative,4,flat ,flat,0.21997376158833504,0.21997376158833504
40,The dialogue felt flat throughout.,negative,negative,0.99849725,0.0015027899,negative,5,throughout,throughout,-0.09337301924824715,0.09337301924824715
40,The dialogue felt flat throughout.,negative,negative,0.99849725,0.0015027899,negative,6,.,.,0.030185043811798096,0.030185043811798096
40,The dialogue felt flat throughout.,negative,negative,0.99849725,0.0015027899,negative,7,,,-5.960464477539063e-08,5.960464477539063e-08
